Vehicle_Name,Name,Price($),InventoryType,Distance from 30341,Dealership
2022-Audi-e-tron,2022 Audi e-tron Premium Plus,"$79,815",New,150 mi. from 30341,Hiley Automotive Group
2022-Audi-Q3,2022 Audi Q3 45 S line Premium,"$44,315",New,130 mi. from 30341,Gerald Jones VW/Audi
2022-Audi-TTS,2022 Audi TTS 2.0T,"$62,490",New,11 mi. from 30341,Audi Gwinnett
2022-Audi-A4,2022 Audi A4 45 S line quattro Premium,"$50,375",New,15 mi. from 30341,Audi Marietta
2022-Audi-e-tron,2022 Audi e-tron Premium Plus,"$79,515",New,137 mi. from 30341,Harper Audi
2022-Audi-RS,2022 Audi RS Q8 4.0T quattro,"$131,510",New,26 mi. from 30341,Audi South Atlanta
2022-Audi-Q5,2022 Audi Q5 45 S line quattro Premium,"$56,755",New,10 mi. from 30341,Audi North Atlanta
2022-Audi-TTS,2022 Audi TTS 2.0T,"$63,120",New,11 mi. from 30341,Audi Gwinnett
2022-Audi-A3,2022 Audi A3 40 Premium,"$38,420",New,130 mi. from 30341,Gerald Jones VW/Audi
2022-Audi-Q3,2022 Audi Q3 45 S line Premium,"$46,895",New,137 mi. from 30341,Harper Audi
2022-Audi-R8,2022 Audi R8 5.2 V10 performance,"$234,190",New,15 mi. from 30341,Audi Marietta
2022-Audi-A4,2022 Audi A4 40 Premium,"$44,490",New,10 mi. from 30341,Audi North Atlanta
2022-Audi-Q3,2022 Audi Q3 S line Premium Plus,"$47,015",New,11 mi. from 30341,Audi Gwinnett
2022-Audi-e-tron,2022 Audi e-tron Premium Plus,"$77,305",New,26 mi. from 30341,Audi South Atlanta
2022-Audi-Q7,2022 Audi Q7 55 Premium,"$76,990",New,137 mi. from 30341,Harper Audi
2020-Audi-A3,2020 Audi A3 2.0T Premium Plus,"$40,215",New,129 mi. from 30341,Steve White Volkswagen Audi - Greenville
2022-Audi-SQ7,2022 Audi SQ7 4.0T Premium Plus,"$92,415",New,26 mi. from 30341,Audi South Atlanta
2022-Audi-Q3,2022 Audi Q3 45 S line Premium,"$49,530",New,129 mi. from 30341,Steve White Volkswagen Audi - Greenville
2022-Audi-Q7,2022 Audi Q7 45 Premium,"$62,180",New,26 mi. from 30341,Audi South Atlanta
2022-Audi-e-tron,2022 Audi e-tron Premium Plus,"$77,170",New,26 mi. from 30341,Audi South Atlanta
2022-Audi-A5,2022 Audi A5 2.0T Premium Plus,"$54,065",New,26 mi. from 30341,Audi South Atlanta
2022-Audi-A3,2022 Audi A3 40 Premium,"$38,420",New,129 mi. from 30341,Steve White Volkswagen Audi - Greenville
2022-Audi-Q5,2022 Audi Q5 45 S line quattro Premium,"$53,930",New,26 mi. from 30341,Audi South Atlanta
2022-Audi-Q8,2022 Audi Q8 55 Premium,"$89,655",New,137 mi. from 30341,Harper Audi
2022-Audi-Q3,2022 Audi Q3 S line Premium,"$42,865",New,11 mi. from 30341,Audi Gwinnett
2020-Audi-A3,2020 Audi A3 2.0T S line Premium Plus,"$43,890",New,137 mi. from 30341,Harper Audi
2020-Audi-A3,2020 Audi A3 2.0T Premium Plus,"$40,215",New,129 mi. from 30341,Steve White Volkswagen Audi - Greenville
2022-Audi-e-tron,2022 Audi e-tron Premium Plus,"$78,045",New,137 mi. from 30341,Harper Audi
2022-Audi-Q3,2022 Audi Q3 S line Premium,"$42,615",New,11 mi. from 30341,Audi Gwinnett
2022-Audi-SQ5,2022 Audi SQ5 Premium Plus,"$65,410",New,11 mi. from 30341,Audi Gwinnett
2022-Audi-SQ5,2022 Audi SQ5 Premium Plus,"$68,560",New,11 mi. from 30341,Audi Gwinnett
2022-Audi-e-tron,2022 Audi e-tron Premium Plus,"$77,520",New,26 mi. from 30341,Audi South Atlanta
2022-Audi-Q7,2022 Audi Q7 55 Premium Plus,"$73,955",New,15 mi. from 30341,Audi Marietta
2022-Audi-SQ5,2022 Audi SQ5 3.0T Premium,"$71,985",New,130 mi. from 30341,Gerald Jones VW/Audi
2022-Audi-TTS,2022 Audi TTS 2.0T quattro,"$63,790",New,129 mi. from 30341,Steve White Volkswagen Audi - Greenville
2022-Audi-A4,2022 Audi A4 40 Premium,"$47,780",New,137 mi. from 30341,Harper Audi
2022-Audi-Q3,2022 Audi Q3 45 S line Premium,"$48,715",New,137 mi. from 30341,Harper Audi
2022-Audi-A5,2022 Audi A5 2.0T Premium Plus,Not Priced,New,26 mi. from 30341,Audi South Atlanta
2022-Audi-Q3,2022 Audi Q3 S line Premium,"$42,270",New,11 mi. from 30341,Audi Gwinnett
2022-Audi-A4,2022 Audi A4 Premium,"$43,810",New,11 mi. from 30341,Audi Gwinnett
2022-Audi-Q3,2022 Audi Q3 Premium,"$40,195",New,11 mi. from 30341,Audi Gwinnett
2022-Audi-RS,2022 Audi RS 5 2.9T,"$90,230",New,137 mi. from 30341,Harper Audi
2022-Audi-A4,2022 Audi A4 Premium,"$43,615",New,11 mi. from 30341,Audi Gwinnett
2022-Audi-R8,2022 Audi R8 5.2 V10 performance,"$234,190",New,15 mi. from 30341,Audi Marietta
2021-Audi-Q5,2021 Audi Q5 45 Premium,"$46,940",New,150 mi. from 30341,Jack Ingram Motors
2022-Audi-A4,2022 Audi A4 45 S line quattro Premium,"$52,180",New,137 mi. from 30341,Harper Audi
2020-Audi-A3,2020 Audi A3 2.0T S line Premium,"$38,940",New,0 mi. from 30341,Audi Atlanta
2022-Audi-A4,2022 Audi A4 40 Premium,"$43,615",New,10 mi. from 30341,Audi North Atlanta
2022-Audi-Q3,2022 Audi Q3 Premium,"$40,195",New,11 mi. from 30341,Audi Gwinnett
2022-Audi-A4,2022 Audi A4 45 S line quattro Premium,"$48,775",New,26 mi. from 30341,Audi South Atlanta
2020-Audi-A3,2020 Audi A3 2.0T S line Premium Plus,"$44,540",New,129 mi. from 30341,Steve White Volkswagen Audi - Greenville
2022-Audi-RS,2022 Audi RS 5 2.9T,"$84,685",New,129 mi. from 30341,Steve White Volkswagen Audi - Greenville
2022-Audi-RS,2022 Audi RS Q8 4.0T quattro,"$144,515",New,129 mi. from 30341,Steve White Volkswagen Audi - Greenville
2022-Audi-Q3,2022 Audi Q3 40 Premium,"$39,600",New,137 mi. from 30341,Harper Audi
2022-Audi-SQ5,2022 Audi SQ5 3.0T Premium,"$73,135",New,137 mi. from 30341,Harper Audi
2022-Audi-Q5,2022 Audi Q5 45 S line quattro Premium,"$59,805",New,130 mi. from 30341,Gerald Jones VW/Audi
2022-Audi-RS,2022 Audi RS Q8 4.0T quattro,"$151,550",New,137 mi. from 30341,Harper Audi
2022-Audi-Q5,2022 Audi Q5 45 Prestige,"$63,755",New,150 mi. from 30341,Hiley Automotive Group
2022-Audi-S5,2022 Audi S5 3.0T Prestige,"$77,715",New,129 mi. from 30341,Steve White Volkswagen Audi - Greenville
2022-Audi-Q3,2022 Audi Q3 45 S line Premium,"$48,265",New,0 mi. from 30341,Audi Atlanta
2022-Audi-Q5,2022 Audi Q5 45 S line quattro Premium,"$53,820",New,137 mi. from 30341,Harper Audi
2022-Audi-Q3,2022 Audi Q3 45 S line Premium,"$47,015",New,0 mi. from 30341,Audi Atlanta
2022-Audi-Q3,2022 Audi Q3 S line Premium Plus,"$45,045",New,11 mi. from 30341,Audi Gwinnett
2022-Audi-TT,2022 Audi TT 2.0T,"$58,930",New,129 mi. from 30341,Steve White Volkswagen Audi - Greenville
2022-Audi-A5,2022 Audi A5 40 Premium,"$52,170",New,137 mi. from 30341,Harper Audi
2022-Audi-e-tron,2022 Audi e-tron Premium,"$85,090",New,15 mi. from 30341,Audi Marietta
2022-Audi-Q7,2022 Audi Q7 55 Premium,"$80,930",New,137 mi. from 30341,Harper Audi
2022-Audi-A5,2022 Audi A5 40 Premium Plus,"$54,065",New,150 mi. from 30341,Hiley Automotive Group
2022-Audi-TTS,2022 Audi TTS 2.0T quattro,"$64,420",New,129 mi. from 30341,Steve White Volkswagen Audi - Greenville
2022-Audi-Q3,2022 Audi Q3 45 S line Premium,"$48,265",New,150 mi. from 30341,Jack Ingram Motors
2022-Audi-Q3,2022 Audi Q3 45 S line Premium,"$47,015",New,0 mi. from 30341,Audi Atlanta
2009-Audi-A4,2009 Audi A4 3.2 Premium Plus quattro,"$40,000",New,139 mi. from 30341,BMW of Birmingham
2022-Audi-RS,2022 Audi RS Q8 4.0T quattro,"$138,265",New,129 mi. from 30341,Steve White Volkswagen Audi - Greenville
2021-Audi-A8,2021 Audi A8 L 60,"$115,940",New,129 mi. from 30341,Steve White Volkswagen Audi - Greenville
2022-Audi-A6,2022 Audi A6 55 Premium Plus,"$70,215",New,0 mi. from 30341,Audi Atlanta
2022-Audi-Q5,2022 Audi Q5 45 S line quattro Premium,"$57,855",New,137 mi. from 30341,Harper Audi
2022-Audi-A4,2022 Audi A4 Premium,"$43,615",New,11 mi. from 30341,Audi Gwinnett
2022-Audi-Q5,2022 Audi Q5 45 S line quattro Premium,"$56,790",New,15 mi. from 30341,Audi Marietta
2022-Audi-e-tron,2022 Audi e-tron Premium,"$81,390",New,129 mi. from 30341,Steve White Volkswagen Audi - Greenville
2022-Audi-A5,2022 Audi A5 40 Premium,"$55,680",New,137 mi. from 30341,Harper Audi
2022-Audi-Q7,2022 Audi Q7 55 Prestige,"$80,065",New,150 mi. from 30341,Hiley Automotive Group
2022-Audi-A5,2022 Audi A5 2.0T Prestige,"$56,210",New,26 mi. from 30341,Audi South Atlanta
2022-Audi-Q5,2022 Audi Q5 45 S line quattro Premium,"$59,105",New,150 mi. from 30341,Jack Ingram Motors
2022-Audi-Q3,2022 Audi Q3 45 S line Premium,"$49,065",New,137 mi. from 30341,Harper Audi
2022-Audi-Q3,2022 Audi Q3 45 S line Premium,"$47,690",New,137 mi. from 30341,Harper Audi
2022-Audi-Q3,2022 Audi Q3 45 S line Premium,"$43,740",New,150 mi. from 30341,Jack Ingram Motors
2022-Audi-Q5,2022 Audi Q5 45 Premium Plus,"$68,035",New,150 mi. from 30341,Hiley Automotive Group
2022-Audi-e-tron,2022 Audi e-tron GT Premium Plus,"$113,795",New,129 mi. from 30341,Steve White Volkswagen Audi - Greenville
2022-Audi-Q7,2022 Audi Q7 55 Premium,"$85,205",New,15 mi. from 30341,Audi Marietta
2022-Audi-A6,2022 Audi A6 allroad 55 quattro Premium Plus,"$72,875",New,129 mi. from 30341,Steve White Volkswagen Audi - Greenville
2022-Audi-A4,2022 Audi A4 40 Premium,"$43,810",New,26 mi. from 30341,Audi South Atlanta
2022-Audi-A4,2022 Audi A4 Premium,"$43,615",New,11 mi. from 30341,Audi Gwinnett
2022-Audi-A4,2022 Audi A4 45 S line quattro Premium,"$47,975",New,26 mi. from 30341,Audi South Atlanta
2022-Audi-Q5,2022 Audi Q5 45 S line quattro Premium,"$55,395",New,137 mi. from 30341,Harper Audi
2022-Audi-A3,2022 Audi A3 40 Premium,"$41,020",New,26 mi. from 30341,Audi South Atlanta
2022-Audi-Q5,2022 Audi Q5 45 Prestige,"$62,805",New,150 mi. from 30341,Hiley Automotive Group
2022-Audi-SQ5,2022 Audi SQ5 3.0T Premium,"$70,860",New,130 mi. from 30341,Gerald Jones VW/Audi
2022-Audi-Q7,2022 Audi Q7 55 Premium Plus,"$69,480",New,137 mi. from 30341,Harper Audi
2022-Audi-S4,2022 Audi S4 3.0T Premium,"$64,290",New,129 mi. from 30341,Steve White Volkswagen Audi - Greenville
2022-Audi-A5,2022 Audi A5 2.0T Premium Plus,"$52,170",New,10 mi. from 30341,Audi North Atlanta
2022-Audi-Q3,2022 Audi Q3 S line Premium Plus,"$48,715",New,11 mi. from 30341,Audi Gwinnett
2022-Audi-Q3,2022 Audi Q3 S line Premium Plus,"$47,015",New,11 mi. from 30341,Audi Gwinnett
2022-Audi-Q3,2022 Audi Q3 45 S line Premium,"$48,715",New,10 mi. from 30341,Audi North Atlanta
2022-Audi-A4,2022 Audi A4 40 Premium,"$43,810",New,15 mi. from 30341,Audi Marietta
2021-Audi-S8,2021 Audi S8 4.0T,"$144,975",New,150 mi. from 30341,Hiley Automotive Group
2022-Audi-Q5,2022 Audi Q5 45 Premium Plus,"$56,330",New,150 mi. from 30341,Hiley Automotive Group
2021-Audi-A4,2021 Audi A4 40 Premium,"$42,660",New,15 mi. from 30341,Audi Marietta
2022-Audi-A3,2022 Audi A3 40 Premium,"$38,420",New,137 mi. from 30341,Harper Audi
2022-Audi-A4,2022 Audi A4 40 Premium,"$43,810",New,15 mi. from 30341,Audi Marietta
2022-Audi-e-tron,2022 Audi e-tron GT Prestige,"$123,810",New,15 mi. from 30341,Audi Marietta
2022-Audi-A4,2022 Audi A4 40 Premium,"$43,810",New,26 mi. from 30341,Audi South Atlanta
2022-Audi-Q7,2022 Audi Q7 45 Premium,"$65,240",New,10 mi. from 30341,Audi North Atlanta
2022-Audi-A3,2022 Audi A3 40 Premium,"$37,825",New,129 mi. from 30341,Steve White Volkswagen Audi - Greenville
2022-Audi-Q7,2022 Audi Q7 55 Premium,"$72,930",New,10 mi. from 30341,Audi North Atlanta
2022-Audi-Q5,2022 Audi Q5 45 Premium Plus,"$69,655",New,150 mi. from 30341,Hiley Automotive Group
2022-Audi-A3,2022 Audi A3 Premium Plus,"$40,770",New,11 mi. from 30341,Audi Gwinnett
2022-Audi-SQ5,2022 Audi SQ5 3.0T Premium,"$65,510",New,26 mi. from 30341,Audi South Atlanta
2022-Audi-e-tron,2022 Audi e-tron Premium,"$72,245",New,15 mi. from 30341,Audi Marietta
2022-Audi-A5,2022 Audi A5 40 Premium,"$52,765",New,137 mi. from 30341,Harper Audi
2022-Audi-SQ5,2022 Audi SQ5 Premium,"$59,665",New,11 mi. from 30341,Audi Gwinnett
2022-Audi-Q3,2022 Audi Q3 Premium,"$39,600",New,11 mi. from 30341,Audi Gwinnett
2022-Audi-SQ5,2022 Audi SQ5 Premium Plus,"$66,960",New,11 mi. from 30341,Audi Gwinnett
2022-Audi-Q5,2022 Audi Q5 S line Premium,"$50,110",New,11 mi. from 30341,Audi Gwinnett
2022-Audi-Q3,2022 Audi Q3 S line Premium Plus,"$44,315",New,11 mi. from 30341,Audi Gwinnett
2022-Audi-SQ5,2022 Audi SQ5 Premium,"$59,260",New,11 mi. from 30341,Audi Gwinnett
2022-Audi-Q7,2022 Audi Q7 Premium Plus,"$65,180",New,11 mi. from 30341,Audi Gwinnett
2022-Audi-Q7,2022 Audi Q7 55 Premium,"$78,940",New,10 mi. from 30341,Audi North Atlanta
2022-Audi-Q5,2022 Audi Q5 45 S line quattro Premium,"$59,405",New,10 mi. from 30341,Audi North Atlanta
2022-Audi-A4,2022 Audi A4 40 Premium,"$44,135",New,10 mi. from 30341,Audi North Atlanta
2022-Audi-Q5,2022 Audi Q5 45 S line quattro Premium,"$54,055",New,10 mi. from 30341,Audi North Atlanta
2022-Audi-Q3,2022 Audi Q3 40 Premium,"$40,195",New,10 mi. from 30341,Audi North Atlanta
2022-Audi-Q3,2022 Audi Q3 40 Premium,"$40,195",New,10 mi. from 30341,Audi North Atlanta
2022-Audi-A4,2022 Audi A4 40 Premium,"$44,730",New,10 mi. from 30341,Audi North Atlanta
2022-Audi-Q5,2022 Audi Q5 45 S line quattro Premium,"$56,455",New,10 mi. from 30341,Audi North Atlanta
2022-Audi-SQ5,2022 Audi SQ5 3.0T Premium,"$67,860",New,10 mi. from 30341,Audi North Atlanta
2022-Audi-Q5,2022 Audi Q5 45 S line quattro Premium,"$49,560",New,10 mi. from 30341,Audi North Atlanta
2022-Audi-Q3,2022 Audi Q3 40 Premium,"$40,195",New,10 mi. from 30341,Audi North Atlanta
2022-Audi-SQ5,2022 Audi SQ5 3.0T Premium,"$60,260",New,10 mi. from 30341,Audi North Atlanta
2022-Audi-Q5,2022 Audi Q5 45 S line quattro Premium,"$56,955",New,10 mi. from 30341,Audi North Atlanta
2022-Audi-Q5,2022 Audi Q5 45 S line quattro Premium,"$55,690",New,10 mi. from 30341,Audi North Atlanta
2022-Audi-Q5,2022 Audi Q5 45 S line quattro Premium,"$56,355",New,10 mi. from 30341,Audi North Atlanta
2022-Audi-Q3,2022 Audi Q3 45 S line Premium,"$44,195",New,10 mi. from 30341,Audi North Atlanta
2022-Audi-e-tron,2022 Audi e-tron GT Prestige,"$123,240",New,15 mi. from 30341,Audi Marietta
2022-Audi-Q8,2022 Audi Q8 55 Premium,"$74,365",New,15 mi. from 30341,Audi Marietta
2022-Audi-Q7,2022 Audi Q7 55 Premium Plus,"$71,540",New,15 mi. from 30341,Audi Marietta
2022-Audi-RS,2022 Audi RS 7 4.0T quattro,"$142,540",New,15 mi. from 30341,Audi Marietta
2022-Audi-Q3,2022 Audi Q3 45 S line Premium,"$44,315",New,15 mi. from 30341,Audi Marietta
2022-Audi-Q3,2022 Audi Q3 45 S line Premium,"$46,690",New,15 mi. from 30341,Audi Marietta
2022-Audi-Q3,2022 Audi Q3 45 S line Premium,"$46,690",New,15 mi. from 30341,Audi Marietta
2022-Audi-SQ8,2022 Audi SQ8 4.0T quattro Premium Plus,"$100,640",New,15 mi. from 30341,Audi Marietta
2022-Audi-S5,2022 Audi S5 3.0T Premium Plus,"$66,645",New,15 mi. from 30341,Audi Marietta
2022-Audi-R8,2022 Audi R8 5.2 V10 performance,"$159,695",New,15 mi. from 30341,Audi Marietta
2022-Audi-e-tron,2022 Audi e-tron GT Prestige,"$123,590",New,15 mi. from 30341,Audi Marietta
2022-Audi-A4,2022 Audi A4 40 Premium,"$44,730",New,15 mi. from 30341,Audi Marietta
2022-Audi-RS,2022 Audi RS Q8 4.0T quattro,"$142,690",New,15 mi. from 30341,Audi Marietta
2022-Audi-TT,2022 Audi TT 2.0T,"$56,240",New,130 mi. from 30341,Gerald Jones VW/Audi
2022-Audi-Q3,2022 Audi Q3 45 S line Premium,"$47,015",New,130 mi. from 30341,Gerald Jones VW/Audi
2022-Audi-Q7,2022 Audi Q7 55 Premium Plus,"$73,830",New,150 mi. from 30341,Hiley Automotive Group
2022-Audi-Q3,2022 Audi Q3 2.0T Premium Plus,"$47,015",New,150 mi. from 30341,Hiley Automotive Group
2022-Audi-Q8,2022 Audi Q8 55 Premium Plus,"$103,015",New,150 mi. from 30341,Hiley Automotive Group
2022-Audi-A4,2022 Audi A4 40 Premium,"$40,945",New,15 mi. from 30341,Audi Marietta
2022-Audi-A4,2022 Audi A4 40 Premium,"$40,945",New,15 mi. from 30341,Audi Marietta
2022-Audi-Q3,2022 Audi Q3 45 S line Premium,"$47,035",New,129 mi. from 30341,Steve White Volkswagen Audi - Greenville
2022-Audi-A5,2022 Audi A5 2.0T Premium Plus,"$55,575",New,10 mi. from 30341,Audi North Atlanta
2022-Audi-SQ7,2022 Audi SQ7 4.0T Premium Plus,"$97,705",New,129 mi. from 30341,Steve White Volkswagen Audi - Greenville
2022-Audi-Q5,2022 Audi Q5 45 Premium Plus,"$69,655",New,150 mi. from 30341,Hiley Automotive Group
2022-Audi-Q3,2022 Audi Q3 45 S line Premium,"$48,715",New,10 mi. from 30341,Audi North Atlanta
2022-Audi-Q7,2022 Audi Q7 55 Premium,"$79,755",New,0 mi. from 30341,Audi Atlanta
2022-Audi-Q3,2022 Audi Q3 45 S line Premium,"$49,065",New,10 mi. from 30341,Audi North Atlanta
2022-Audi-Q3,2022 Audi Q3 45 S line Premium,"$42,745",New,10 mi. from 30341,Audi North Atlanta
2022-Audi-S5,2022 Audi S5 3.0T Premium Plus,"$63,570",New,10 mi. from 30341,Audi North Atlanta
2022-Audi-S5,2022 Audi S5 3.0T Premium Plus,"$66,375",New,150 mi. from 30341,Hiley Automotive Group
2022-Audi-Q5,2022 Audi Q5 45 S line quattro Premium,"$60,330",New,129 mi. from 30341,Steve White Volkswagen Audi - Greenville
2022-Audi-A4,2022 Audi A4 40 Premium,"$43,615",New,150 mi. from 30341,Hiley Automotive Group
2022-Audi-Q7,2022 Audi Q7 55 Premium,"$78,590",New,129 mi. from 30341,Steve White Volkswagen Audi - Greenville
2022-Audi-e-tron,2022 Audi e-tron GT Premium Plus,"$121,985",New,129 mi. from 30341,Steve White Volkswagen Audi - Greenville
2022-Audi-S5,2022 Audi S5 3.0T Premium Plus,"$67,375",New,150 mi. from 30341,Hiley Automotive Group
2022-Audi-SQ5,2022 Audi SQ5 3.0T Premium,"$69,845",New,15 mi. from 30341,Audi Marietta
2022-Audi-A5,2022 Audi A5 40 Premium,"$54,065",New,0 mi. from 30341,Audi Atlanta
2022-Audi-RS,2022 Audi RS 5 2.9T,"$91,605",New,129 mi. from 30341,Steve White Volkswagen Audi - Greenville
2022-Audi-SQ5,2022 Audi SQ5 3.0T Premium,"$74,045",New,129 mi. from 30341,Steve White Volkswagen Audi - Greenville
2022-Audi-RS,2022 Audi RS e-tron GT Base,"$164,390",New,129 mi. from 30341,Steve White Volkswagen Audi - Greenville
2022-Audi-A6,2022 Audi A6 45 Prestige,"$59,240",New,150 mi. from 30341,Hiley Automotive Group
2022-Audi-SQ5,2022 Audi SQ5 3.0T Premium,"$69,915",New,15 mi. from 30341,Audi Marietta
2022-Audi-SQ5,2022 Audi SQ5 3.0T Premium,"$73,555",New,129 mi. from 30341,Steve White Volkswagen Audi - Greenville
2022-Audi-SQ5,2022 Audi SQ5 3.0T Premium,"$60,115",New,0 mi. from 30341,Audi Atlanta
2022-Audi-S5,2022 Audi S5 3.0T Prestige,"$77,420",New,15 mi. from 30341,Audi Marietta
2022-Audi-S5,2022 Audi S5 3.0T Prestige,"$73,295",New,0 mi. from 30341,Audi Atlanta
2022-Audi-SQ5,2022 Audi SQ5 3.0T Premium,"$65,850",New,129 mi. from 30341,Steve White Volkswagen Audi - Greenville
2022-Audi-SQ5,2022 Audi SQ5 3.0T Premium,"$69,010",New,0 mi. from 30341,Audi Atlanta
2022-Audi-SQ5,2022 Audi SQ5 3.0T Premium,"$68,415",New,0 mi. from 30341,Audi Atlanta
2022-Audi-SQ5,2022 Audi SQ5 3.0T Premium,"$68,010",New,15 mi. from 30341,Audi Marietta
2022-Audi-SQ5,2022 Audi SQ5 3.0T Premium,"$63,970",New,15 mi. from 30341,Audi Marietta
2022-Audi-A5,2022 Audi A5 40 Premium,"$47,215",New,0 mi. from 30341,Audi Atlanta
2022-Audi-SQ8,2022 Audi SQ8 4.0T quattro Premium Plus,"$100,870",New,0 mi. from 30341,Audi Atlanta
2022-Audi-Q7,2022 Audi Q7 55 Premium Plus,"$71,705",New,0 mi. from 30341,Audi Atlanta
2022-Audi-e-tron,2022 Audi e-tron Premium,"$71,905",New,0 mi. from 30341,Audi Atlanta
2022-Audi-RS,2022 Audi RS 5 2.9T,"$88,395",New,15 mi. from 30341,Audi Marietta
2021-Audi-Q7,2021 Audi Q7 55 Premium,Not Priced,New,26 mi. from 30341,Audi South Atlanta
2022-Audi-A4,2022 Audi A4 40 Premium Plus,Not Priced,New,26 mi. from 30341,Audi South Atlanta
2022-Audi-A5,2022 Audi A5 40 Premium,Not Priced,New,130 mi. from 30341,Gerald Jones VW/Audi
2022-Audi-A4,2022 Audi A4 45 S line quattro Premium,Not Priced,New,130 mi. from 30341,Gerald Jones VW/Audi
2022-Audi-A5,2022 Audi A5 40 Premium,Not Priced,New,130 mi. from 30341,Gerald Jones VW/Audi
2022-Audi-A4,2022 Audi A4 45 S line quattro Premium,Not Priced,New,130 mi. from 30341,Gerald Jones VW/Audi
2022-Audi-e-tron,2022 Audi e-tron S line Premium,"$89,750",New,129 mi. from 30341,Steve White Volkswagen Audi - Greenville
2022-Audi-S7,2022 Audi S7 2.9T Premium Plus,"$93,240",New,129 mi. from 30341,Steve White Volkswagen Audi - Greenville
2022-Audi-Q3,2022 Audi Q3 45 S line Premium,"$44,335",New,129 mi. from 30341,Steve White Volkswagen Audi - Greenville
2022-Audi-Q3,2022 Audi Q3 45 S line Premium,"$48,715",New,129 mi. from 30341,Steve White Volkswagen Audi - Greenville
2022-Audi-A4,2022 Audi A4 40 Premium,"$44,135",New,129 mi. from 30341,Steve White Volkswagen Audi - Greenville
2022-Audi-RS,2022 Audi RS 6 Avant 4.0T quattro,"$129,990",New,129 mi. from 30341,Steve White Volkswagen Audi - Greenville
2022-Audi-SQ8,2022 Audi SQ8 4.0T quattro Premium Plus,"$103,440",New,129 mi. from 30341,Steve White Volkswagen Audi - Greenville
2022-Audi-SQ5,2022 Audi SQ5 3.0T Premium,"$69,095",New,129 mi. from 30341,Steve White Volkswagen Audi - Greenville
2022-Audi-Q5,2022 Audi Q5 45 S line quattro Premium,"$59,040",New,129 mi. from 30341,Steve White Volkswagen Audi - Greenville
2022-Audi-Q5,2022 Audi Q5 45 S line quattro Premium,"$56,245",New,129 mi. from 30341,Steve White Volkswagen Audi - Greenville
2022-Audi-RS,2022 Audi RS Q8 4.0T quattro,"$150,915",New,129 mi. from 30341,Steve White Volkswagen Audi - Greenville
2022-Audi-RS,2022 Audi RS 5 2.9T,"$89,890",New,129 mi. from 30341,Steve White Volkswagen Audi - Greenville
2021-Audi-A8,2021 Audi A8 L 60,"$115,230",New,129 mi. from 30341,Steve White Volkswagen Audi - Greenville
2022-Audi-Q7,2022 Audi Q7 45 Premium,"$62,230",New,129 mi. from 30341,Steve White Volkswagen Audi - Greenville
2022-Audi-A4,2022 Audi A4 45 S line quattro Premium,"$55,380",New,137 mi. from 30341,Harper Audi
2022-Audi-e-tron,2022 Audi e-tron Premium,"$85,930",New,137 mi. from 30341,Harper Audi
2022-Audi-Q3,2022 Audi Q3 45 S line Premium,"$48,715",New,137 mi. from 30341,Harper Audi
2022-Audi-Q5,2022 Audi Q5 45 S line quattro Premium,"$55,105",New,137 mi. from 30341,Harper Audi
2022-Audi-SQ5,2022 Audi SQ5 3.0T Premium,"$66,110",New,137 mi. from 30341,Harper Audi
2022-Audi-SQ8,2022 Audi SQ8 4.0T quattro Premium Plus,"$110,515",New,137 mi. from 30341,Harper Audi
2022-Audi-TTS,2022 Audi TTS 2.0T quattro,"$63,470",New,137 mi. from 30341,Harper Audi
2022-Audi-e-tron,2022 Audi e-tron Premium,Not Priced,New,137 mi. from 30341,Harper Audi
2022-Audi-Q3,2022 Audi Q3 45 S line Premium,"$47,015",New,137 mi. from 30341,Harper Audi
2022-Audi-Q5,2022 Audi Q5 45 S line quattro Premium,"$60,255",New,137 mi. from 30341,Harper Audi
2022-Audi-Q3,2022 Audi Q3 40 Premium,"$40,195",New,137 mi. from 30341,Harper Audi
2022-Audi-Q3,2022 Audi Q3 45 S line Premium,"$44,195",New,137 mi. from 30341,Harper Audi
2022-Audi-Q7,2022 Audi Q7 55 Premium Plus,"$72,705",New,137 mi. from 30341,Harper Audi
2022-Audi-Q3,2022 Audi Q3 45 S line Premium,"$42,150",New,137 mi. from 30341,Harper Audi
2022-Audi-Q5,2022 Audi Q5 45 S line quattro Premium,"$61,595",New,137 mi. from 30341,Harper Audi
2022-Audi-Q5,2022 Audi Q5 45 S line quattro Premium,"$57,605",New,137 mi. from 30341,Harper Audi
2022-Audi-RS,2022 Audi RS 5 2.9T,"$91,660",New,150 mi. from 30341,Jack Ingram Motors
