Vehicle_Name,Name,Price($),InventoryType,Distance from 30342,Dealership
2014-Audi-Q5,2014 Audi Q5 2.0T Premium Plus,"$21,500",Used,147 mi. from 30341,TLC Motors
2016-Audi-Q5,2016 Audi Q5 2.0T Premium Plus,"$22,997",Used,147 mi. from 30341,Century Automotive
2018-Audi-A5,2018 Audi A5 2.0T Premium Plus,"$40,789",Used,131 mi. from 30341,EchoPark Automotive Augusta Delivery Center
2018-Audi-Q5,2018 Audi Q5 2.0T Tech Premium,"$37,579",Used,11 mi. from 30341,EchoPark Automotive Atlanta (Marietta)
2018-Audi-S5,2018 Audi S5 3.0T Prestige,"$48,497",Used,100 mi. from 30341,AutoNation Volkswagen Columbus
2018-Audi-A5,2018 Audi A5 2.0T Prestige,"$33,490",Used,14 mi. from 30341,Platinum Cars Marietta
2018-Audi-A7,2018 Audi A7 3.0T Prestige,"$51,995",Audi Certified,0 mi. from 30341,Audi Atlanta
2017-Audi-Q3,2017 Audi Q3 2.0T Premium,"$24,895",Used,7 mi. from 30341,Gravity Autos Sandy Springs
2018-Audi-S4,2018 Audi S4 3.0T Premium Plus,"$54,298",Used,137 mi. from 30341,Harper Audi
2018-Audi-Q5,2018 Audi Q5 2.0T Tech Premium,"$37,619",Used,129 mi. from 30341,EchoPark Automotive Greenville Delivery Center
2018-Audi-Q7,2018 Audi Q7 3.0T Prestige,"$59,995",Used,129 mi. from 30341,Steve White Volkswagen Audi - Greenville
2020-Audi-Q7,2020 Audi Q7 55 Prestige,"$76,990",Used,150 mi. from 30341,Hiley Automotive Group
2019-Audi-A6,2019 Audi A6 3.0T Premium Plus,"$49,995",Audi Certified,0 mi. from 30341,Audi Atlanta
2018-Audi-S4,2018 Audi S4 3.0T Premium Plus,"$52,363",Used,137 mi. from 30341,Harper Audi
2020-Audi-A4,2020 Audi A4 40 Premium,"$37,995",Used,0 mi. from 30341,Audi Atlanta
2019-Audi-Q8,2019 Audi Q8 3.0T Premium,"$69,995",Audi Certified,0 mi. from 30341,Audi Atlanta
2017-Audi-Q7,2017 Audi Q7 3.0T Premium Plus,"$36,888",Used,4 mi. from 30341,Mike Rezi Nissan Atlanta
2018-Audi-Q5,2018 Audi Q5 2.0T Tech Premium,"$39,673",Audi Certified,15 mi. from 30341,Audi Marietta
2018-Audi-A5,2018 Audi A5 2.0T Prestige,"$39,500",Used,14 mi. from 30341,Jaguar Land Rover of North Atlanta
2017-Audi-Q7,2017 Audi Q7 3.0T Prestige,"$45,193",Used,137 mi. from 30341,Harper Audi
2018-Audi-Q5,2018 Audi Q5 2.0T Tech Premium,"$41,990",Audi Certified,15 mi. from 30341,Audi Marietta
2019-Audi-Q8,2019 Audi Q8 3.0T Premium,"$83,695",Used,26 mi. from 30341,Audi South Atlanta
2016-Audi-A7,2016 Audi A7 3.0T Prestige,"$43,995",Used,0 mi. from 30341,Audi Atlanta
2018-Audi-Q5,2018 Audi Q5 2.0T Tech Premium,"$41,995",Audi Certified,129 mi. from 30341,Steve White Volkswagen Audi - Greenville
2016-Audi-A3,2016 Audi A3 1.8T Premium,"$23,989",Used,11 mi. from 30341,EchoPark Automotive Atlanta (Duluth)
2018-Audi-Q5,2018 Audi Q5 2.0T Tech Premium,"$43,742",Used,137 mi. from 30341,Grayson BMW
2012-Audi-Q5,2012 Audi Q5 3.2 Premium Plus,"$16,380",Used,0 mi. from 30341,Jim Ellis Hyundai
2018-Audi-Q5,2018 Audi Q5 2.0T Premium Plus,"$37,799",Used,142 mi. from 30341,EchoPark Automotive Knoxville Delivery Center
2018-Audi-A4,2018 Audi A4 2.0T Premium Plus,"$30,399",Used,139 mi. from 30341,EchoPark Automotive Birmingham
2016-Audi-A7,2016 Audi A7 3.0T Prestige,"$47,995",Used,0 mi. from 30341,Audi Atlanta
2017-Audi-Q7,2017 Audi Q7 3.0T Premium Plus,"$31,911",Used,41 mi. from 30341,Southtowne Hyundai Of Newnan
2018-Audi-Q5,2018 Audi Q5 2.0T Tech Premium,"$43,995",Audi Certified,129 mi. from 30341,Steve White Volkswagen Audi - Greenville
2018-Audi-Q7,2018 Audi Q7 3.0T Prestige,"$43,995",Used,129 mi. from 30341,Steve White Volkswagen Audi - Greenville
2019-Audi-Q8,2019 Audi Q8 3.0T Premium,"$73,999",Used,10 mi. from 30341,Global Imports BMW
2017-Audi-Q7,2017 Audi Q7 3.0T Premium Plus,"$49,995",Used,149 mi. from 30341,"Sports & Imports, Inc."
2018-Audi-Q5,2018 Audi Q5 2.0T Tech Premium,"$43,575",Audi Certified,15 mi. from 30341,Audi Marietta
2019-Audi-Q8,2019 Audi Q8 3.0T Prestige,"$79,685",Used,137 mi. from 30341,Harper Audi
2014-Audi-S5,2014 Audi S5 3.0T Premium Plus quattro,"$39,988",Used,25 mi. from 30341,Mall of Georgia MINI
2019-Audi-Q8,2019 Audi Q8 3.0T Prestige,"$77,053",Used,137 mi. from 30341,Harper Audi
2019-Audi-Q5,2019 Audi Q5 2.0T Premium Plus,"$46,992",Used,15 mi. from 30341,Audi Marietta
2020-Audi-A4,2020 Audi A4 40 Premium,"$36,991",Audi Certified,10 mi. from 30341,Audi North Atlanta
2016-Audi-A6,2016 Audi A6 2.0T Premium Plus,"$28,589",Used,29 mi. from 30341,Shottenkirk Chrysler Dodge Jeep RAM
2018-Audi-Q7,2018 Audi Q7 2.0T Premium Plus,"$39,999",Used,13 mi. from 30341,Atlanta Autos
2012-Audi-Q5,2012 Audi Q5 3.2 Premium Plus,"$12,995",Used,26 mi. from 30341,Cherokee Auto Sales
2021-Audi-A5,2021 Audi A5 2.0T Premium Plus,"$54,995",Used,26 mi. from 30341,Audi South Atlanta
2016-Audi-A3,2016 Audi A3 1.8T Premium,"$18,196",Used,10 mi. from 30341,"Nalley Lexus, Roswell"
2017-Audi-Q7,2017 Audi Q7 3.0T Premium Plus,"$37,291",Used,129 mi. from 30341,Crown Nissan of Greenville
2012-Audi-Q5,2012 Audi Q5 3.2 Premium Plus,"$14,900",Used,184 mi. from 30341,C&S Automotive
2020-Audi-A4,2020 Audi A4 40 Premium,"$37,995",Audi Certified,0 mi. from 30341,Audi Atlanta
2021-Audi-RS,2021 Audi RS 7 4.0T,"$138,292",Used,150 mi. from 30341,Hiley Automotive Group
2019-Audi-Q5,2019 Audi Q5 2.0T Premium Plus,"$43,997",Used,10 mi. from 30341,Global Imports BMW
2018-Audi-Q7,2018 Audi Q7 3.0T Prestige,"$59,995",Audi Certified,129 mi. from 30341,Steve White Volkswagen Audi - Greenville
2019-Audi-A5,2019 Audi A5 2.0T Premium Plus,"$43,590",Used,148 mi. from 30341,Carvana-Touchless Delivery To Your Home
2018-Audi-A5,2018 Audi A5 2.0T Premium Plus,"$41,103",Used,137 mi. from 30341,Harper Audi
2020-Audi-Q5,2020 Audi Q5 45 Titanium Premium,"$46,995",Audi Certified,0 mi. from 30341,Audi Atlanta
2018-Audi-Q3,2018 Audi Q3 2.0T Premium,"$28,963",Used,29 mi. from 30341,Shottenkirk Hyundai
2017-Audi-Q7,2017 Audi Q7 3.0T Premium,"$37,990",Used,150 mi. from 30341,Hiley Automotive Group
2016-Audi-A6,2016 Audi A6 2.0T Premium Plus,"$29,988",Used,25 mi. from 30341,Mall of Georgia MINI
2017-Audi-Q7,2017 Audi Q7 3.0T Premium Plus,"$33,995",Used,0 mi. from 30341,Audi Atlanta
2015-Audi-Q7,2015 Audi Q7 3.0T Premium Plus,"$26,998",Used,13 mi. from 30341,Grand Motorcars
2021-Audi-A5,2021 Audi A5 2.0T Premium Plus,"$52,895",Used,26 mi. from 30341,Audi South Atlanta
2014-Audi-Q7,2014 Audi Q7 3.0L TDI Prestige,"$23,990",Used,141 mi. from 30341,Ted Russell Ford Lincoln Kingston Pike
2018-Audi-Q3,2018 Audi Q3 2.0T Premium,"$28,966",Used,15 mi. from 30341,ALM Marietta
2019-Audi-S5,2019 Audi S5 3.0T Premium Plus,"$59,900",Used,6 mi. from 30341,Nalley BMW
2018-Audi-Q5,2018 Audi Q5 2.0T Premium Plus,"$36,489",Used,142 mi. from 30341,EchoPark Automotive Knoxville Delivery Center
2014-Audi-Q5,2014 Audi Q5 2.0T Premium Plus,"$19,000",Used,147 mi. from 30341,TLC Motors
2017-Audi-Q7,2017 Audi Q7 3.0T Premium Plus,"$32,990",Used,148 mi. from 30341,Driver's Way
2017-Audi-Q7,2017 Audi Q7 3.0T Prestige,"$43,923",Used,137 mi. from 30341,Harper Audi
2015-Audi-A3,2015 Audi A3 1.8T Premium,"$17,998",Used,21 mi. from 30341,Grand Motorcars Kennesaw
2013-Audi-Q5,2013 Audi Q5 2.0T Premium Plus,"$17,988",Used,11 mi. from 30341,Automax Atlanta
2014-Audi-Q5,2014 Audi Q5 2.0T Premium Plus,"$18,224",Used,150 mi. from 30341,Hunter Subaru Hyundai Volvo
2012-Audi-Q5,2012 Audi Q5 3.2 Premium Plus,"$12,995",Used,26 mi. from 30341,Cherokee Auto Sales
2021-Audi-e-tron,2021 Audi e-tron Premium Plus,"$78,995",Audi Certified,0 mi. from 30341,Audi Atlanta
2015-Audi-A3,2015 Audi A3 1.8T Premium,"$20,498",Used,21 mi. from 30341,Grand Motorcars Kennesaw
2021-Audi-A5,2021 Audi A5 2.0T Premium Plus,"$54,995",Used,26 mi. from 30341,Audi South Atlanta
2020-Audi-Q5,2020 Audi Q5 45 Titanium Premium,"$47,990",Used,15 mi. from 30341,Audi Marietta
2018-Audi-Q5,2018 Audi Q5 2.0T Premium Plus,"$44,161",Used,137 mi. from 30341,Harper Audi
2018-Audi-Q3,2018 Audi Q3 2.0T Premium,"$27,995",Used,0 mi. from 30341,Audi Atlanta
2018-Audi-Q3,2018 Audi Q3 2.0T Premium,"$24,895",Used,7 mi. from 30341,Gravity Autos Sandy Springs
2019-Audi-A4,2019 Audi A4 2.0T Premium,"$32,941",Used,11 mi. from 30341,BMW of Gwinnett Place
2013-Audi-Q7,2013 Audi Q7 3.0T Premium Plus,"$14,563",Used,137 mi. from 30341,Grayson BMW
2019-Audi-A6,2019 Audi A6 45 Premium,"$48,788",Audi Certified,15 mi. from 30341,Audi Marietta
2019-Audi-Q8,2019 Audi Q8 3.0T Premium,"$63,991",Audi Certified,10 mi. from 30341,Audi North Atlanta
2018-Audi-Q5,2018 Audi Q5 2.0T Premium Plus,"$38,989",Used,142 mi. from 30341,EchoPark Automotive Knoxville Delivery Center
2015-Audi-Q5,2015 Audi Q5 2.0T Premium Plus,"$21,900",Used,129 mi. from 30341,Lexus of Greenville
2020-Audi-Q5,2020 Audi Q5 45 Titanium Premium,"$46,695",Audi Certified,11 mi. from 30341,Audi Gwinnett
2018-Audi-A5,2018 Audi A5 2.0T Premium Plus,"$39,874",Used,137 mi. from 30341,Harper Audi
2017-Audi-A4,2017 Audi A4 ,"$24,995",Used,10 mi. from 30341,United BMW
2021-Audi-e-tron,2021 Audi e-tron Premium Plus,"$76,995",Audi Certified,0 mi. from 30341,Audi Atlanta
2016-Audi-A3,2016 Audi A3 1.8T Premium,"$20,700",Used,192 mi. from 30341,Select Motors Inc.
2015-Audi-Q5,2015 Audi Q5 2.0T Premium,"$19,995",Used,24 mi. from 30341,Evolution Cars
2012-Audi-A7,2012 Audi A7 3.0T quattro Premium,"$24,951",Used,35 mi. from 30341,Hayes Chrysler Dodge Jeep RAM - Gainesville
2010-Audi-A4,2010 Audi A4 2.0T Premium Plus quattro,"$8,990",Used,153 mi. from 30341,Carolina Auto Connection
2017-Audi-A4,2017 Audi A4 2.0T Premium,"$27,289",Used,11 mi. from 30341,EchoPark Automotive Atlanta (Marietta)
2019-Audi-A8,2019 Audi A8 L 55,"$69,990",Used,15 mi. from 30341,Audi Marietta
2012-Audi-TT,2012 Audi TT 2.0T Premium Plus quattro,"$13,995",Used,26 mi. from 30341,Cherokee Auto Sales
2014-Audi-A8,2014 Audi A8 L 3.0T,"$28,750",Used,11 mi. from 30341,Automax Atlanta
2018-Audi-Q7,2018 Audi Q7 3.0T Prestige,"$50,000",Used,106 mi. from 30341,Finnicum Motor Company - Columbus
2013-Audi-Q5,2013 Audi Q5 2.0T Premium Plus,"$14,995",Used,26 mi. from 30341,Cherokee Auto Sales
2012-Audi-A7,2012 Audi A7 3.0T Prestige quattro,"$23,995",Used,24 mi. from 30341,Jet's Auto Sales
2017-Audi-Q3,2017 Audi Q3 2.0T Premium,"$19,999",Used,22 mi. from 30341,AutoNation Toyota Thornton Road
2018-Audi-R8,2018 Audi R8 5.2 quattro Plus,"$169,995",Used,0 mi. from 30341,Audi Atlanta
2018-Audi-Q7,2018 Audi Q7 2.0T Premium Plus,"$38,999",Used,190 mi. from 30341,"Vroom - Get It Delivered Nationwide, Contact-Free"
2017-Audi-A4,2017 Audi A4 2.0T Premium,"$26,000",Used,5 mi. from 30341,Car Connection Inc.
2018-Audi-S5,2018 Audi S5 3.0T Prestige,"$46,495",Used,15 mi. from 30341,Volvo Cars of Marietta
2018-Audi-A8,2018 Audi A8 L 4.0T Sport,"$49,499",Used,11 mi. from 30341,"Vroom - Get It Delivered Nationwide, Contact-Free"
2014-Audi-A8,2014 Audi A8 L 3.0T,"$28,988",Used,11 mi. from 30341,Automax Atlanta
2017-Audi-A4,2017 Audi A4 2.0T Prestige,"$34,958",Used,100 mi. from 30341,AutoNation Volkswagen Columbus
2021-Audi-e-tron,2021 Audi e-tron Premium Plus,"$76,983",Used,150 mi. from 30341,Hiley Automotive Group
2018-Audi-Q5,2018 Audi Q5 2.0T Premium Plus,"$40,995",Audi Certified,129 mi. from 30341,Steve White Volkswagen Audi - Greenville
2015-Audi-A3,2015 Audi A3 2.0T Premium,"$25,497",Used,25 mi. from 30341,AutoNation Volkswagen Mall of Georgia
2018-Audi-A5,2018 Audi A5 Prestige,"$44,499",Used,25 mi. from 30341,"Vroom - Get It Delivered Nationwide, Contact-Free"
2019-Audi-Q7,2019 Audi Q7 3.0T Premium Plus,"$48,499",Used,139 mi. from 30341,"Vroom - Get It Delivered Nationwide, Contact-Free"
2016-Audi-A7,2016 Audi A7 3.0 Prestige,"$36,999",Used,25 mi. from 30341,"Vroom - Get It Delivered Nationwide, Contact-Free"
2020-Audi-Q5,2020 Audi Q5 45 Premium Plus,"$48,995",Audi Certified,129 mi. from 30341,Steve White Volkswagen Audi - Greenville
2018-Audi-Q3,2018 Audi Q3 2.0T Premium,"$30,995",Audi Certified,0 mi. from 30341,Audi Atlanta
2021-Audi-Q5,2021 Audi Q5 45 Premium Plus,"$61,883",Used,150 mi. from 30341,Hiley Automotive Group
2018-Audi-A4,2018 Audi A4 2.0T ultra Premium,"$29,988",Used,23 mi. from 30341,ALM Mall of GA
2019-Audi-S5,2019 Audi S5 3.0T Prestige,"$55,499",Used,25 mi. from 30341,"Vroom - Get It Delivered Nationwide, Contact-Free"
2014-Audi-Q5,2014 Audi Q5 2.0T Premium,"$23,990",Used,14 mi. from 30341,Carvana-Touchless Delivery To Your Home
2018-Audi-Q5,2018 Audi Q5 2.0T Premium Plus,"$47,795",Audi Certified,11 mi. from 30341,Audi Gwinnett
2018-Audi-Q5,2018 Audi Q5 2.0T Tech Premium,"$37,590",Used,14 mi. from 30341,Carvana-Touchless Delivery To Your Home
2019-Audi-e-tron,2019 Audi e-tron Premium Plus,"$69,995",Used,26 mi. from 30341,Audi South Atlanta
2019-Audi-SQ5,2019 Audi SQ5 Premium Plus,"$45,999",Used,190 mi. from 30341,"Vroom - Get It Delivered Nationwide, Contact-Free"
2018-Audi-A7,2018 Audi A7 3.0T Premium Plus,"$55,990",Used,11 mi. from 30341,ALM Gwinnett
2020-Audi-A4,2020 Audi A4 45 Premium,"$43,995",Used,26 mi. from 30341,Audi South Atlanta
2018-Audi-Q7,2018 Audi Q7 3.0T Premium Plus,"$49,999",Used,10 mi. from 30341,Global Imports BMW
2019-Audi-A8,2019 Audi A8 L 55,"$68,845",Audi Certified,15 mi. from 30341,Audi Marietta
2020-Audi-Q5,2020 Audi Q5 45 Premium,"$41,990",Used,25 mi. from 30341,AutoNation Volkswagen Mall of Georgia
2019-Audi-Q5,2019 Audi Q5 2.0T Premium,"$42,996",Used,15 mi. from 30341,Audi Marietta
2015-Audi-A3,2015 Audi A3 2.0T Premium,"$22,995",Used,14 mi. from 30341,North Point Volvo Cars
2015-Audi-Q7,2015 Audi Q7 3.0T S line Prestige,"$31,999",Used,151 mi. from 30341,"Vroom - Get It Delivered Nationwide, Contact-Free"
2016-Audi-Q5,2016 Audi Q5 2.0T Premium,"$28,990",Used,14 mi. from 30341,Carvana-Touchless Delivery To Your Home
2019-Audi-Q8,2019 Audi Q8 3.0T Premium Plus,"$73,829",Used,15 mi. from 30341,Audi Marietta
2014-Audi-RS,2014 Audi RS 7 4.0T Prestige,"$64,995",Used,0 mi. from 30341,Audi Atlanta
2017-Audi-Q7,2017 Audi Q7 3.0T Premium Plus,"$32,990",Used,14 mi. from 30341,Platinum Cars Marietta
2019-Audi-RS,2019 Audi RS 5 2.9T,"$81,995",Used,0 mi. from 30341,Audi Atlanta
2021-Audi-SQ7,2021 Audi SQ7 4.0T Premium Plus,"$92,491",Used,130 mi. from 30341,Mercedes-Benz of Augusta
2018-Audi-Q7,2018 Audi Q7 3.0T Prestige,"$55,991",Audi Certified,10 mi. from 30341,Audi North Atlanta
2018-Audi-A4,2018 Audi A4 2.0T Premium Plus,"$35,590",Used,148 mi. from 30341,Carvana-Touchless Delivery To Your Home
2018-Audi-Q7,2018 Audi Q7 2.0T Premium Plus,"$42,590",Used,14 mi. from 30341,Carvana-Touchless Delivery To Your Home
2018-Audi-A5,2018 Audi A5 Premium Plus,"$36,999",Used,139 mi. from 30341,"Vroom - Get It Delivered Nationwide, Contact-Free"
2019-Audi-Q5,2019 Audi Q5 2.0T Premium,"$40,995",Used,10 mi. from 30341,United BMW
2019-Audi-A6,2019 Audi A6 3.0T Prestige,"$55,991",Used,22 mi. from 30341,John Thornton Chevrolet
2013-Audi-Q7,2013 Audi Q7 3.0T S line Prestige,"$15,772",Used,137 mi. from 30341,Grayson BMW
2017-Audi-A3,2017 Audi A3 2.0T Premium Plus,"$18,995",Used,10 mi. from 30341,United BMW
2018-Audi-SQ5,2018 Audi SQ5 3.0T Prestige,"$51,995",Audi Certified,0 mi. from 30341,Audi Atlanta
2019-Audi-A5,2019 Audi A5 2.0T Premium Plus,"$46,990",Used,148 mi. from 30341,Carvana-Touchless Delivery To Your Home
2019-Audi-Q7,2019 Audi Q7 45 Premium Plus,"$51,995",Audi Certified,0 mi. from 30341,Audi Atlanta
2018-Audi-A7,2018 Audi A7 3.0T Premium Plus,"$54,878",Used,137 mi. from 30341,Harper Audi
2019-Audi-Q7,2019 Audi Q7 55 Prestige,"$60,995",Audi Certified,0 mi. from 30341,Audi Atlanta
2017-Audi-Q7,2017 Audi Q7 3.0T Premium Plus,"$34,499",Used,50 mi. from 30341,"Vroom - Get It Delivered Nationwide, Contact-Free"
2018-Audi-S3,2018 Audi S3 2.0T Premium Plus,"$43,990",Used,154 mi. from 30341,Carvana-Touchless Delivery To Your Home
2015-Audi-Q7,2015 Audi Q7 3.0T S line Prestige,"$30,499",Used,25 mi. from 30341,"Vroom - Get It Delivered Nationwide, Contact-Free"
2018-Audi-A7,2018 Audi A7 3.0T Premium Plus,"$53,877",Used,25 mi. from 30341,Mall of Georgia MINI
2019-Audi-Q5,2019 Audi Q5 2.0T Premium,"$42,991",Used,10 mi. from 30341,Audi North Atlanta
2013-Audi-A8,2013 Audi A8 L 3.0T,"$26,990",Used,92 mi. from 30341,Carvana-Touchless Delivery To Your Home
2020-Audi-A4,2020 Audi A4 45 Premium,"$46,895",Used,26 mi. from 30341,Audi South Atlanta
2012-Audi-A8,2012 Audi A8 L 4.2 quattro,"$25,590",Used,14 mi. from 30341,Carvana-Touchless Delivery To Your Home
2012-Audi-Q5,2012 Audi Q5 3.2 Premium Plus,"$9,995",Used,129 mi. from 30341,Steve White Volkswagen Audi - Greenville
2021-Audi-SQ5,2021 Audi SQ5 3.0T Premium,"$65,995",Audi Certified,0 mi. from 30341,Audi Atlanta
2022-Audi-SQ7,2022 Audi SQ7 4.0T Premium Plus,"$99,995",Audi Certified,0 mi. from 30341,Audi Atlanta
2021-Audi-RS,2021 Audi RS 5 2.9T,"$85,995",Used,10 mi. from 30341,United BMW
2021-Audi-SQ7,2021 Audi SQ7 4.0T Premium Plus,"$91,887",Used,93 mi. from 30341,Lake Keowee Chrysler Dodge Jeep Ram
2020-Audi-Q3,2020 Audi Q3 S LINE PLUS,"$42,590",Used,191 mi. from 30341,Carvana-Touchless Delivery To Your Home
2018-Audi-SQ5,2018 Audi SQ5 3.0T Premium Plus,"$47,994",Used,4 mi. from 30341,Porsche Atlanta Perimeter
2015-Audi-A8,2015 Audi A8 L 3.0T,"$35,990",Used,85 mi. from 30341,Carvana-Touchless Delivery To Your Home
2016-Audi-A6,2016 Audi A6 2.0T Premium Plus,"$31,990",Used,41 mi. from 30341,Carvana-Touchless Delivery To Your Home
2018-Audi-A3,2018 Audi A3 2.0T Premium,"$27,989",Used,129 mi. from 30341,EchoPark Automotive Greenville Delivery Center
2018-Audi-Q5,2018 Audi Q5 2.0T Tech Premium,"$38,990",Used,191 mi. from 30341,Carvana-Touchless Delivery To Your Home
2018-Audi-A4,2018 Audi A4 2.0T Tech ultra Premium,"$31,990",Used,191 mi. from 30341,Carvana-Touchless Delivery To Your Home
2019-Audi-A6,2019 Audi A6 45 Premium,"$42,990",Used,14 mi. from 30341,Carvana-Touchless Delivery To Your Home
2013-Audi-Q5,2013 Audi Q5 2.0T Premium,"$18,990",Used,105 mi. from 30341,Carvana-Touchless Delivery To Your Home
2021-Audi-Q3,2021 Audi Q3 45 S line Premium,"$45,590",Used,148 mi. from 30341,Carvana-Touchless Delivery To Your Home
2018-Audi-A7,2018 Audi A7 3.0T Prestige,"$57,650",Used,130 mi. from 30341,Gerald Jones VW/Audi
2019-Audi-A6,2019 Audi A6 55 Prestige,"$59,991",Audi Certified,10 mi. from 30341,Audi North Atlanta
2019-Audi-Q8,2019 Audi Q8 3.0T Premium,"$61,590",Used,92 mi. from 30341,Carvana-Touchless Delivery To Your Home
2017-Audi-A8,2017 Audi A8 3.0T,"$39,499",Used,11 mi. from 30341,"Vroom - Get It Delivered Nationwide, Contact-Free"
2021-Audi-Q3,2021 Audi Q3 2.0T Premium Plus,"$44,990",Used,150 mi. from 30341,Hiley Automotive Group
2018-Audi-A6,2018 Audi A6 3.0t Sport,"$38,995",Audi Certified,0 mi. from 30341,Audi Atlanta
2017-Audi-A6,2017 Audi A6 2.0T Premium,"$31,997",Used,201 mi. from 30341,Bondy's Toyota of Enterprise
2021-Audi-Q8,2021 Audi Q8 55 Premium,"$75,998",Used,187 mi. from 30341,BMW of Columbia
2019-Audi-TTS,2019 Audi TTS 2.0T quattro,"$58,995",Audi Certified,0 mi. from 30341,Audi Atlanta
2018-Audi-Q5,2018 Audi Q5 2.0T Prestige,"$40,995",Audi Certified,0 mi. from 30341,Audi Atlanta
2021-Audi-Q3,2021 Audi Q3 45 S line Premium,"$41,995",Audi Certified,0 mi. from 30341,Audi Atlanta
2017-Audi-S7,2017 Audi S7 4.0T Premium Plus,"$62,440",Used,137 mi. from 30341,Harper Audi
2013-Audi-A7,2013 Audi A7 3.0T Premium Plus quattro,"$24,995",Used,11 mi. from 30341,Olympic Auto Sales
2019-Audi-e-tron,2019 Audi e-tron Prestige,"$63,995",Used,11 mi. from 30341,Gwinnett Place Ford
2018-Audi-Q5,2018 Audi Q5 2.0T Tech Premium,"$37,990",Used,143 mi. from 30341,Carvana-Touchless Delivery To Your Home
2018-Audi-Q3,2018 Audi Q3 2.0T Premium,"$25,999",Used,11 mi. from 30341,"Vroom - Get It Delivered Nationwide, Contact-Free"
2018-Audi-Q5,2018 Audi Q5 2.0T Premium Plus,"$34,499",Used,139 mi. from 30341,"Vroom - Get It Delivered Nationwide, Contact-Free"
2019-Audi-A3,2019 Audi A3 2.0T Premium,"$30,500",Used,106 mi. from 30341,Finnicum Motor Company - Columbus
2018-Audi-A3,2018 Audi A3 2.0T Premium,"$37,895",Used,7 mi. from 30341,Gravity Autos Sandy Springs
2020-Audi-Q5,2020 Audi Q5 e 55 Premium,"$57,995",Audi Certified,0 mi. from 30341,Audi Atlanta
2018-Audi-A5,2018 Audi A5 Premium Plus,"$33,999",Used,25 mi. from 30341,"Vroom - Get It Delivered Nationwide, Contact-Free"
2018-Audi-Q7,2018 Audi Q7 3.0T Premium Plus,"$53,470",Used,137 mi. from 30341,Harper Audi
2018-Audi-R8,2018 Audi R8 5.2 quattro,"$176,500",Used,7 mi. from 30341,Motorcars of Atlanta
2018-Audi-R8,2018 Audi R8 5.2 quattro,"$176,500",Used,7 mi. from 30341,Motorcars of Atlanta
2019-Audi-Q7,2019 Audi Q7 55 Premium Plus,"$56,495",Used,26 mi. from 30341,Audi South Atlanta
2020-Audi-A6,2020 Audi A6 55 Premium Plus,"$52,995",Audi Certified,0 mi. from 30341,Audi Atlanta
2018-Audi-Q7,2018 Audi Q7 3.0T Premium Plus,"$50,990",Used,153 mi. from 30341,Carvana-Touchless Delivery To Your Home
2019-Audi-Q7,2019 Audi Q7 55 Prestige,"$58,241",Used,137 mi. from 30341,Harper Audi
2013-Audi-S6,2013 Audi S6 4.0T Prestige,"$31,990",Used,105 mi. from 30341,Carvana-Touchless Delivery To Your Home
2020-Audi-S4,2020 Audi S4 3.0T Prestige,"$63,465",Audi Certified,15 mi. from 30341,Audi Marietta
2018-Audi-Q7,2018 Audi Q7 3.0T Premium Plus,"$47,000",Used,137 mi. from 30341,Courtesy Buick GMC
2019-Audi-Q5,2019 Audi Q5 2.0T Premium,"$39,995",Used,129 mi. from 30341,Steve White Volkswagen Audi - Greenville
2021-Audi-Q7,2021 Audi Q7 55 Premium,"$86,295",Used,26 mi. from 30341,Audi South Atlanta
2019-Audi-Q7,2019 Audi Q7 55 Prestige,"$65,295",Audi Certified,11 mi. from 30341,Audi Gwinnett
2018-Audi-Q5,2018 Audi Q5 2.0T Prestige,"$44,995",Audi Certified,129 mi. from 30341,Steve White Volkswagen Audi - Greenville
2021-Audi-A4,2021 Audi A4 40 Premium Plus,"$46,992",Audi Certified,10 mi. from 30341,Audi North Atlanta
2018-Audi-S4,2018 Audi S4 3.0T Premium Plus,"$44,990",Used,154 mi. from 30341,Carvana-Touchless Delivery To Your Home
2018-Audi-RS,2018 Audi RS 5 2.9T,"$75,984",Used,137 mi. from 30341,Harper Audi
2018-Audi-Q7,2018 Audi Q7 3.0T Prestige,"$53,995",Audi Certified,129 mi. from 30341,Steve White Volkswagen Audi - Greenville
2012-Audi-A7,2012 Audi A7 Premium,"$22,499",Used,184 mi. from 30341,"Vroom - Get It Delivered Nationwide, Contact-Free"
2019-Audi-A3,2019 Audi A3 2.0T Premium,"$34,990",Used,23 mi. from 30341,ALM Mall of GA
2015-Audi-A8,2015 Audi A8 L 4.0T,"$43,990",Used,148 mi. from 30341,Carvana-Touchless Delivery To Your Home
2019-Audi-A8,2019 Audi A8 L 55,"$65,995",Used,0 mi. from 30341,Gravity Autos Atlanta
2018-Audi-Q3,2018 Audi Q3 2.0T Premium,"$28,990",Used,14 mi. from 30341,Carvana-Touchless Delivery To Your Home
2015-Audi-A4,2015 Audi A4 2.0T Premium Plus,"$19,990",Used,85 mi. from 30341,Carvana-Touchless Delivery To Your Home
2019-Audi-A3,2019 Audi A3 2.0T Premium,"$36,762",Used,137 mi. from 30341,Harper Audi
2011-Audi-A8,2011 Audi A8 L 4.2 quattro,"$23,990",Used,30 mi. from 30341,Carvana-Touchless Delivery To Your Home
2014-Audi-Q7,2014 Audi Q7 3.0T Premium Plus,"$20,999",Used,25 mi. from 30341,"Vroom - Get It Delivered Nationwide, Contact-Free"
2012-Audi-S5,2012 Audi S5 4.2 quattro Premium Plus,"$27,990",Used,14 mi. from 30341,Carvana-Touchless Delivery To Your Home
2019-Audi-A3,2019 Audi A3 2.0T Premium,"$30,429",Used,129 mi. from 30341,EchoPark Automotive Greenville Delivery Center
2016-Audi-Q3,2016 Audi Q3 2.0T Premium Plus,"$26,991",Used,10 mi. from 30341,Audi North Atlanta
2021-Audi-Q5,2021 Audi Q5 45 Premium,"$48,900",Used,7 mi. from 30341,Jaguar Land Rover Buckhead
2017-Audi-Q3,2017 Audi Q3 2.0T Prestige,"$28,990",Used,188 mi. from 30341,Carvana-Touchless Delivery To Your Home
2017-Audi-TT,2017 Audi TT 2.0T,"$39,990",Used,148 mi. from 30341,Carvana-Touchless Delivery To Your Home
2019-Audi-RS,2019 Audi RS 5 2.9T,"$79,997",Used,148 mi. from 30341,Exclusive Auto Wholesale
2019-Audi-Q7,2019 Audi Q7 3.0T Premium Plus,"$60,888",Used,11 mi. from 30341,Gwinnett Place Honda
2019-Audi-Q5,2019 Audi Q5 Premium Plus,"$44,395",Audi Certified,11 mi. from 30341,Audi Gwinnett
2018-Audi-A4,2018 Audi A4 2.0T Premium Plus,"$35,944",Used,11 mi. from 30341,BMW of Gwinnett Place
2018-Audi-A4,2018 Audi A4 allroad 2.0T Premium,"$35,999",Used,146 mi. from 30341,Birmingham Luxury Motors
2018-Audi-Q3,2018 Audi Q3 2.0T Premium Plus,"$26,499",Used,25 mi. from 30341,"Vroom - Get It Delivered Nationwide, Contact-Free"
2019-Audi-Q8,2019 Audi Q8 Premium Plus,"$79,595",Used,11 mi. from 30341,Audi Gwinnett
2020-Audi-A6,2020 Audi A6 55 Premium Plus,"$52,992",Used,41 mi. from 30341,Southtowne Chevrolet Cadillac Buick GMC
2019-Audi-A6,2019 Audi A6 Premium Plus,"$46,499",Used,11 mi. from 30341,"Vroom - Get It Delivered Nationwide, Contact-Free"
2013-Audi-Q7,2013 Audi Q7 3.0 TDI Premium,"$19,995",Used,181 mi. from 30341,Palmetto Cars of Columbia
2017-Audi-A3,2017 Audi A3 Premium Plus,"$26,499",Used,25 mi. from 30341,"Vroom - Get It Delivered Nationwide, Contact-Free"
2018-Audi-Q5,2018 Audi Q5 2.0T Premium Plus,"$43,195",Used,11 mi. from 30341,Audi Gwinnett
2020-Audi-Q3,2020 Audi Q3 2.0T Premium Plus,"$43,995",Audi Certified,129 mi. from 30341,Steve White Volkswagen Audi - Greenville
2016-Audi-A5,2016 Audi A5 Premium,"$23,999",Used,25 mi. from 30341,"Vroom - Get It Delivered Nationwide, Contact-Free"
2015-Audi-Q5,2015 Audi Q5 2.0T Premium,"$30,998",Used,25 mi. from 30341,CarMax Buford - Now offering Curbside Pickup and Home Delivery
2017-Audi-Q7,2017 Audi Q7 3.0T Prestige,"$38,395",Used,11 mi. from 30341,Audi Gwinnett
2019-Audi-Q5,2019 Audi Q5 2.0T Premium,"$35,995",Used,26 mi. from 30341,Audi South Atlanta
2009-Audi-A4,2009 Audi A4 3.2 Premium Plus quattro,"$15,990",Used,14 mi. from 30341,Carvana-Touchless Delivery To Your Home
